"sku","fnsku","asin","product-name","reserved_qty","reserved_customerorders","reserved_fc-transfers","reserved_fc-processing"
"LIONPLATTER","X002QUNTJR","B08QHTYPYG","Platter Storage Case, Inside Measures 16.5'' x 12.5'' with Quilted and Padded Surfaces - Structured Top, Bottom and Sides, Felt Dividers Included","1731","1217","468","46"
"LIONSTEEL","X002OT9MUP","B08LPQLZTN","Low Profile Under Bed Storage Containers, 4.5'' Tall and Fits Beds 5'' Off The Floor, Sturdy Sidewalls and Bottom - 33''x17'', Set of 2","1933","59","1780","94"
"LIONMOLYBD","X0024TC2XJ","B07R9SKPXN","storageLAB Travel Jewelry Organizer, Faux Suede Clutch Bag for Necklaces, Earrings, Rings and Bracelets (Leather Brown)","445","15","415","15"
"LIONPOTASS","X00279X7YJ","B07SPZL1NT","China Storage Set, Hard Shell and Stackable Dish Storage, Protects Plates Cups and Mugs, Felt Plate Dividers Included","235","204","4","27"
"LIONRUTHER","X002KNI3QT","B08CB7W6ZJ","China Storage Set, Hard Shell and Stackable, for Dinnerware Storage and Transport, Protects Dishes Cups and Wine Glasses, Felt Plate Dividers Included (Grey - Stemware Storage Included)","523","507","1","15"
"LIONRUBIDI","X002JUNUB1","B08B5YCHFF","China Storage Set, Hard Shell 4-Piece Set for Plate Storage and Transport, Protects Dishes, Felt Plate Dividers Included","276","255","9","12"
"LIONCARBON","X001XLETQR","B07JMZ4XNV","storageLAB Under Bed Shoe Storage Organizer, Adjustable Dividers - Set of 2, Fits 24 Pairs Total - Underbed Storage Solution (Grey)","672","62","539","71"
"LIONZINC","X002ULX36V","B0917N9RPX","Low Profile Under Bed Shoe Storage Organizer, 4.5'' Tall and Fits Beds 5'' Off the Floor, Adjustable Dividers, Underbed Shoe Storage Solution - Set of 2 (Black)","39","15","6","18"
"LIONLIDWHL","X002QUU0AD","B08QHZP6P6","Under Bed Storage with Wheels, Clear Top Cover and Steel Weight-Bearing Elements, for Shoes, Clothing, and Blankets, 28x24x6.3in, Set of 2","588","27","60","501"
"LIONTIN","X002ELVMQP","B082D8C4Z3","Low Profile Under Bed Shoe Storage Organizer, 4.5'' Tall and Fits Beds 5'' Off the Floor, Adjustable Dividers, Underbed Shoe Storage Solution - Set of 2 (Grey)","619","34","533","52"
"LIONNEON","B07QXG65QS","B07QXG65QS","storageLAB Underbed Storage Containers, Under Bed Storage for Clothes, Blankets and Shoes, Woven Fabric with Plastic Panel Structure, 2-Pack - 34'' x 17'' x 6'' (Grey)","4981","382","4419","180"
"LIONSILVER","X001UE2UQD","B07FT9D193","Practice Lock Set, 6 Transparent Locks for Lock Picking Practice, Visual Guide Included","2","0","0","2"
"LIONCOPPER","X002ULPEJZ","B0917PDN1M","Underbed Storage Containers, Storage Bin for Clothes, Blankets, Shoes and Pillows, 2-Pack - 33x17x6in (Black)","627","2","613","12"
"LIONANTIMO","X002NJNADB","B08JGVN7W5","storageLAB Under Bed Storage Containers - Underbed Storage 2-Pack, 33'' x 17'' x 5.7'' - Woven Fabric with Clear Top and Panel Structure","1036","10","1","1025"
"LIONTITANI","X0027DLKG7","B07SQYBLJJ","China Storage Set, Hard Shell and Stackable, for Dinnerware Storage and Transport, Protects Dishes Cups and Mugs, Felt Plate Dividers Included (Grey, 5 Piece Set)","2559","1047","1422","90"
"LIONNATURE","X002NEHD4D","B08J3YG1LB","OULAIZ Wooden Jigsaw Puzzle - Uniquely Shaped, Giftable Puzzle for Kids and Adults - Mother Nature, 9.5x12in, 190 Pieces","4","0","0","4"
"LIONJUSTONE","X002HY0XY1","B0863HZDCD","storageLAB Under Bed Storage Containers, 33x17x6in - Woven Fabric with Plastic Structure (Grey 1-Pack)","306","300","4","2"
"LIONKRYPTO","X002ELT235","B082D7BL6F","Storage Bag, 100L Storage Cube for Clothes, Comforters, Blankets, Bedding (Grey)","2","0","0","2"
"PHOTOSPHR","X0020JIAMZ","B07MJF361N","Glass Photography Ball, 80mm Glass Sphere for Creative Professionals","128","0","0","128"
"LIONXENON2","X002J9VX3T","B0896RNMRX","Underbed Storage Containers, Storage Bins for Clothes, Blankets and Shoes, Clear Window with Structured Sides and Bottom, 2-Pack - 34'' x 17'' x 6'' (Straw)","808","20","751","37"
"LIONCHROMI","X0024UBBMB","B07R4JGHH8","storageLAB Travel Jewelry Organizer, Faux Suede Clutch Bag for Necklaces, Earrings, Rings and Bracelets (Grey)","433","13","396","24"
"LIONASTRO","X002OXNEWN","B08LYKFGWT","Wooden Jigsaw Puzzle - Uniquely Shaped, Giftable Puzzle for Kids and Adults - Meditating Astronaut, 9.5x11in, 192 Pieces","2","1","0","1"
"LIONSODIUM","X00279X4MJ","B07SPYN47P","China Storage Set, for Dinnerware Storage and Transport, Felt Plate Dividers Included (Grey)","457","451","0","6"
"LIONSTRONT","X002CK08TZ","B07Z8X7TPN","Wine Glass Storage, Holds 12 Red or White Wine Glasses, Fully-Padded Inside with Hard Top and Sides (Pack of 1, Grey)","1110","775","302","33"
"LIONSEABOR","X002DP1S07","B0815YCDHZ","storageLAB Travel Jewelry Organizer, Faux Suede Clutch Bag for Necklaces, Earrings, Rings and Bracelets (Pink)","330","7","310","13"
"LIONOXYGEN","X0025UETP1","B07RJMQ4WK","storageLAB Under Bed Shoe Storage Organizer, Adjustable Dividers - Set of 2, Fits 24 Pairs Total - Underbed Storage Solution (Straw)","15","1","6","8"
"LIONWHEELIE","X002JA3CEB","B08978JK5J","Under Bed Storage with Wheels, Open-Top Underbed Storage Solution for Shoes and Household Items, 28x24x6.3in, Pack of 2","285","262","0","23"
"LIONNITRO2","X002K3EFO3","B08BKL1N6D","storageLAB Under Bed Shoe Storage, Under Bed Shoe Organizer with Sturdy Sides and Clear Top Cover - Set of 2, Fits Up to 24 Pairs Total - Underbed Storage Solution","1006","1","2","1003"
"LIONCOBALT","X002ULTJEL","B0917XMPLS","storageLAB Under Bed Shoe Storage Organizer, Adjustable Dividers - Set of 2, Fits 24 Pairs Total - Underbed Storage Solution (Navy Blue)","89","7","72","10"
"LIONLITH","X0023HRGWJ","B07NQDS5C3","storageLAB Under Bed Shoe Storage Organizer, Adjustable Dividers - Fits Up to 12 Pairs - Underbed Storage Solution (Grey)","973","22","877","74"
"LIONNITRO3","X002Q2RLZX","B08P1CQWBR","storageLAB Under Bed Shoe Storage, Shoe Organizer Under Bed with Clear Top Cover and Sturdy Sides - Set of 2, Fits Up to 24 Pairs Total - Bedroom Storage and Organization","1461","1454","3","4"
"LIONCALCIU","X0027ATZ99","B07SQY7TV6","Cup and Mug Storage Box, Holds 12 Coffee Mugs and Tea Cups, Fully-Padded Inside with Sturdy Construction (Grey)","868","525","320","23"
"LIONMERCUR","X00253OSLN","B07RHC2JN4","storageLAB Under Bed Shoe Storage Organizer, Adjustable Dividers - Set of 2, Fits 24 Pairs Total - Underbed Storage Solution","910","902","2","6"
"LIONBARIUM","X002KK622J","B08C3349L9","Wine Glass Storage, Holds 12 Red or White Wine Glasses, Fully-Padded Inside with Hard Top and Sides (Pack of 2, Grey)","511","213","269","29"
"LIONTUNGST","X0024TCB7B","B07R6HHPR7","storageLAB Travel Jewelry Organizer, Faux Leather Clutch Bag for Necklaces, Earrings, Rings and Bracelets (Black)","609","10","587","12"
"LIONZIRCON","X0027BROKF","B07SQYTF8W","China Storage Set, for Dinnerware Storage and Transport, Protects Dishes, Cups and Mugs, Felt Plate Dividers Included","343","253","82","8"
"LIONHAFNIU","X002D7D1G9","B081264RS7","China Storage Set, Hard Shell and Stackable, for Dinnerware Storage and Transport, Protects Dishes Cups and Mugs, Felt Plate Dividers Included (Cream, 5 Piece Set)","644","10","594","40"
"LIONNEONDV","X002JED0PX","B089GCSVP3","Under Bed Clothing Storage with Adjustable Dividers, for Sweaters, Shoes and Blankets, 39x14.5x6in, Set of 2","352","32","284","36"
